{"cameraMode":{"drawMode":0,"name":"Shaded","section":"Shading Mode"},"sceneLighting":false,"audioPlay":false,"sceneViewState":{"showFog":true,"showMaterialUpdate":false,"showSkybox":true,"showFlares":true,"showImageEffects":true,"showParticleSystems":true},"in2DMode":false,"pivot":{"x":-0.3490898609161377,"y":2.04852294921875,"z":0.307889461517334},"rotation":{"x":0.06109492480754852,"y":-0.3649292290210724,"z":-0.024007190018892289,"w":-0.9287183880805969},"size":3.2486956119537355,"orthographic":false}