{"cameraMode":{"drawMode":0,"name":"Shaded","section":"Shading Mode"},"sceneLighting":false,"audioPlay":false,"sceneViewState":{"showFog":true,"showMaterialUpdate":false,"showSkybox":true,"showFlares":true,"showImageEffects":true,"showParticleSystems":true},"in2DMode":false,"pivot":{"x":33.69472885131836,"y":28.20555877685547,"z":-22.630355834960939},"rotation":{"x":-0.28483647108078005,"y":0.1549917459487915,"z":-0.04672612249851227,"w":-0.9448081851005554},"size":162.48977661132813,"orthographic":false}